country,1960,1961,1962,1963,1964,1965,1966,1967,1968,1969,1970,1971,1972,1973,1974,1975,1976,1977,1978,1979,1980,1981,1982,1983,1984,1985,1986,1987,1988,1989,1990,1991,1992,1993,1994,1995,1996,1997,1998,1999,2000,2001,2002,2003,2004,2005,2006,2007,2008,2009,2010,2011,2012,2013,2014,2015,2016,2017,2018
Afghanistan,0,,,,,0,,,,,0,,,,,0,0,0,0,0,0,0,0,0,0,0,0,0,0,0,0,0,0,0,0,0,0,0,0,0,0,0,0.111,0.845,2.43,4.68,9.53,17.2,28.5,37,35,45.8,49.2,52.1,55.2,57.3,61.1,65.9,59.1
Albania,0,,,,,0,,,,,0,,,,,0,0,0,0,0,0,0,0,0,0,0,0,0,0,0,0,0,0,0,0,0,0.0742,0.106,0.18,0.353,0.952,12.5,27.2,35.3,40.6,49.6,62.4,76.5,61.9,82.9,91.3,106,120,127,116,118,117,126,94.2
Algeria,0,,,,,0,,,,,0,,,,,0,0,0,0,0,0,0,0,0,0,0,0,0,0,0,0.00182,0.0181,0.0177,0.0173,0.00478,0.0163,0.04,0.0585,0.0596,0.235,0.277,0.318,1.41,4.48,14.9,41.2,62.4,80.7,77.8,92.6,91.1,97.1,100,104,111,109,116,111,112
Andorra,0,,,,,0,,,,,0,,,,,0,0,0,0,0,0,0,0,0,0,0,0,0,0,0,0,0,1.31,1.28,1.25,4.42,8.53,13.4,22,32,36,43.7,46.8,70.9,76.6,81.9,85.2,76.8,76.6,76.4,77.6,77.7,77.5,79.1,83.6,91.4,98.5,104,107
Angola,0,,,,,0,,,,,0,,,,,0,0,0,0,0,0,0,0,0,0,0,0,0,0,0,0,0,0,0.00841,0.0135,0.0143,0.0229,0.0474,0.0639,0.151,0.157,0.443,0.799,1.93,3.94,8.29,15.2,23.7,31.2,36,40.3,49.8,50.9,51.1,52.2,49.8,45.1,44.7,43.1
Antigua and Barbuda,0,,,,,0,,,,,0,,,,,0,0,0,0,0,0,0,0,0,0,0,0,0,0,,0,,,,,,1.85,1.95,2.05,11.4,28.9,32.4,48.8,58.1,67.2,106,133,134,160,156,191,197,141,125,130,188,190,193,
Argentina,0,,,,,0,,,,,0,,,,,0,0,0,0,0,0,0,0,0,0,0,0,0,0,0.00715,0.0368,0.0756,0.139,0.33,0.701,1.16,1.89,5.63,7.41,10.6,17.6,18.1,17.4,20.6,35.1,57,80.2,102,116,130,140,147,154,160,144,144,146,141,132
Armenia,0,,,,,0,,,,,0,,,,,0,0,0,0,0,0,0,0,0,0,0,0,0,0,0,0,0,0,0,0,0,0.00947,0.16,0.252,0.264,0.57,0.836,2.35,3.79,6.78,10.7,42.6,64,49.6,75.9,134,112,115,115,119,118,117,118,121
Australia,0,,,,,0,,,,,0,,,,,0,0,0,0,0,0,0,0,0,0,0,0,0.0273,0.192,0.566,1.09,1.7,2.86,3.92,6.85,12.5,21.9,24.9,26.5,33.6,45.1,58,65.3,73.1,82.9,91.3,96.3,102,104,102,102,106,106,107,106,108,109,112,114
Austria,0,,,,,0,,,,,0,,,,,0,0,0,0,0,0,0,0,0,0,0.128,0.251,0.343,0.482,0.66,0.954,1.48,2.2,2.8,3.5,4.8,7.47,14.4,28.5,52.8,75.8,80.8,82.8,89,97.3,105,112,119,130,137,146,154,160,155,150,155,127,123,124
Azerbaijan,0,,,,,0,,,,,0,,,,,0,0,0,0,0,0,0,0,0,0,0,0,0,0,0,0,0,0,0,0.00651,0.0772,0.216,0.505,0.814,4.59,5.18,8.91,9.6,12.6,17.2,26.3,38.5,51.8,74.2,86.9,101,111,109,108,111,111,105,103,104
Bahamas,0,,,,,0,,,,,0,,,,,0,0,0,0,0,0,0,0,0,0,0,0,0,0,0,0.75,0.774,0.977,0.886,,1.46,1.74,2.16,2.78,5.41,10.6,20,39.6,39,58.3,70.1,76.4,111,104,103,121,83.1,82.5,78.2,84.9,83.2,95.3,92.6,99
Bahrain,0,,,,,0,,,,,0,,,,,0,0,0,0,0,0,0,0,0,0,0,0.143,0.381,0.62,0.884,1.04,1.44,1.85,2.12,3.21,4.9,6.93,9.84,15,21,31,42.9,52.9,56.9,78.3,86.3,94.7,108,129,118,126,133,163,168,174,184,210,158,133
Bangladesh,0,,,,,0,,,,,0,,,,,0,0,0,0,0,0,0,0,0,0,0,0,0,0,0,0,0,0.00023,0.00045,0.00098,0.00217,0.0034,0.0216,0.0611,0.119,0.219,0.4,0.811,1.01,2.03,6.47,13.6,24.1,30.9,35.2,46,56.5,64.4,76.3,82.1,84.1,86.1,94.5,100
Barbados,0,,,,,0,,,,,0,,,,,0,0,0,0,0,0,0,0,0,0,0,0,0,0,0,0,0.186,0.303,0.591,1.12,1.73,2.35,2.99,4.46,7.51,10.5,19.5,35.5,51,72.7,74.6,85.5,92.4,103,120,124,123,123,108,107,117,116,115,115
Belarus,0,,,,,0,,,,,0,,,,,0,0,0,0,0,0,0,0,0,0,0,0,0,0,0,0,0,0,0.0032,0.0171,0.0585,0.0652,0.0816,0.122,0.236,0.5,1.41,4.75,11.6,23.3,42.9,62.6,73.4,86,103,110,114,113,118,121,121,121,121,123
Belgium,0,,,,,0,,,,,0,,,,,0,0,0,0,0,0,0,0,0,0,0,0.0382,0.0727,0.192,0.309,0.429,0.512,0.61,0.67,1.26,2.31,4.68,9.53,17.2,31.1,54.7,74.6,78.2,82.6,87.1,91.1,92.7,100,105,108,111,113,111,110,113,113,111,99.5,99.7
Belize,0,,,,,0,,,,,0,,,,,0,0,0,0,0,0,0,0,0,0,0,0,0,0,0,0,0,0,0.202,0.413,0.747,1.02,1.15,1.54,2.76,6.8,15.4,19.7,22.4,27.1,33.8,40.5,39.6,52.2,51.4,60.2,67.3,51,50.5,48.8,58.7,60.5,63.7,85.5
Benin,0,,,,,0,,,,,0,,,,,0,0,0,0,0,0,0,0,0,0,0,0,0,0,0,0,0,0,0,0,0.0178,0.0444,0.0684,0.0972,0.109,0.808,1.77,3,3.14,5.93,7.47,12.8,24.3,41.7,56.3,76.9,82.1,86.4,96.2,84.2,88.1,81.8,78.5,82.4
Bhutan,0,,,,,0,,,,,0,,,,,0,0,0,0,0,0,0,0,0,0,0,0,0,0,0,0,0,0,0,0,0,0,0,0,0,0,0,0,0.359,3,5.55,12.5,22.5,37.7,50,57.5,69.8,79.9,76.6,86.9,92.8,94.8,98,93.3
Bolivia,0,,,,,0,,,,,0,,,,,0,0,0,0,0,0,0,0,0,0,0,0,0,0,0,0,0.00421,0.0217,0.0364,0.0543,0.0948,0.429,1.49,2.96,5.09,6.92,9.09,11.7,14.4,19.9,26.2,30.6,34,51.8,65.4,71.4,81.8,91.5,98.9,97.6,93.5,91.6,97.9,101
Bosnia and Herzegovina,0,,,,,0,,,,,0,,,,,0,0,0,0,0,0,0,0,0,0,0,0,0,0,0,0,0,0,0,0,0,0.0398,0.241,0.674,1.41,2.49,11.8,19.9,28.6,37.4,42.3,50.1,65.1,84.7,87.2,83.9,86.6,93.1,98.5,100,100,101,103,104
Botswana,0,,,,,0,,,,,0,,,,,0,0,0,0,0,0,0,0,0,0,0,0,0,0,0,0,0,0,0,0,0,0,0,0.964,5.71,13.5,19.8,19.5,25.7,29.6,31.3,44.8,61.4,77.6,95.9,119,144,151,157,163,164,152,147,150
Brazil,0,,,,,0,,,,,0,,,,,0,0,0,0,0,0,0,0,0,0,0,0,0,0,0,0.00045,0.00442,0.0207,0.116,0.36,0.793,1.52,2.72,4.34,8.72,13.3,16.2,19.4,25.5,35.7,46.3,53.1,63.6,78.4,87.4,101,119,125,135,138,126,118,105,98.8
Brunei,0,,,,,0,,,,,0,,,,,0,0,0,0,0,0,0,0,0,0,0,0,0,0,,0.685,1.14,1.5,2.95,5.4,12.1,14.3,14.4,15.4,20.2,28.5,42.1,44.3,50.2,56.3,63.8,81.4,97.6,105,108,112,113,118,116,110,112,125,128,132
Bulgaria,0,,,,,0,,,,,0,,,,,0,0,0,0,0,0,0,0,0,0,0,0,0,0,0,0,0,0,0.0117,0.0767,0.25,0.321,0.852,1.56,4.34,9.23,19.5,33,44.9,61.1,81.2,108,131,139,140,137,142,147,144,131,128,125,120,119
Burkina Faso,0,,,,,0,,,,,0,,,,,0,0,0,0,0,0,0,0,0,0,0,0,0,0,0,0,0,0,0,0,0,0.00506,0.0141,0.0249,0.0446,0.217,0.638,0.903,1.88,3.04,4.72,7.35,13,20.6,25.3,36.6,47.8,60.2,65.8,71,79.8,82.6,93.5,97.9
Burundi,0,,,,,0,,,,,0,,,,,0,0,0,0,0,0,0,0,0,0,0,0,0,0,0,0,0,0,0.00609,0.00641,0.00942,0.00926,0.0101,0.01,0.0128,0.256,0.512,0.776,0.926,1.41,2.08,2.63,3.43,5.91,11,19.3,21.4,24.3,26.6,32.4,49.2,51.1,54.7,56.5
Cambodia,0,,,,,0,,,,,0,,,,,0,0,0,0,0,0,0,0,0,0,0,0,0,0,0,0,0,0,0.0482,0.0992,0.132,0.21,0.297,0.529,0.75,1.07,1.8,3.01,3.88,6.59,8,12.8,18.9,30.5,44.5,56.9,94.6,129,135,134,134,126,116,119
Cameroon,0,,,,,0,,,,,0,,,,,0,0,0,0,0,0,0,0,0,0,0,0,0,0,0,0,0,0,0,0.0121,0.0206,0.025,0.0293,0.034,0.0397,0.666,2.62,4.29,6.41,8.87,12.7,17.2,24.2,32,40.4,42.5,50.2,61,71,75.1,77.9,78.2,82,73.2
Canada,0,,,,,0,,,,,0,,,,,0,0,0,0,0,0,0,0,0,0,0.0466,0.23,0.372,0.756,1.27,2.12,2.78,3.64,4.67,6.46,8.88,11.9,14.1,17.8,22.8,28.5,34.5,38.1,42.2,47.2,52.9,57.6,61.6,66.3,70.6,75.6,77.7,79.4,80.3,80.7,82.6,84.5,86.3,89.6
Cape Verde,0,,,,,0,,,,,0,,,,,0,0,0,0,0,0,0,0,0,0,0,0,0,0,0,0,0,0,0,0,0,0,0.00495,0.247,1.92,4.61,7.23,9.7,11.9,14.4,17.6,23.2,32,57.7,59.7,75.5,79.5,84.2,97.6,118,117,113,114,112
Central African Republic,0,,,,,0,,,,,0,,,,,0,0,0,0,0,0,0,0,0,0,0,0,0,0,0,0,0,0,0,0,0.00137,0.0324,0.0404,0.047,0.117,0.136,0.296,0.331,1.03,1.52,2.48,2.67,8.1,13.3,19.9,22.3,22.5,25.8,30.6,25.9,27.7,27.5,25.6,27.4
Chad,0,,,,,0,,,,,0,,,,,0,0,0,0,0,0,0,0,0,0,0,0,0,0,0,0,0,0,0,0,0,0,0,0,0,0.0658,0.254,0.379,0.693,1.26,2.08,4.46,8.49,14.3,19.7,24.1,29.7,34.4,34.5,38.4,38.7,38.4,42.4,45.1
Chile,0,,,,,0,,,,,0,,,,,0,0,0,0,0,0,0,0,0,0,0,0,0,0,0.0374,0.105,0.268,0.47,0.611,0.817,1.37,2.19,2.77,6.44,14.9,22.2,32.9,39.8,45.9,57.8,65.3,76.1,84.4,88.6,97.4,116,129,138,135,133,129,128,125,134
China,0,,,,,0,,,,,0,,,,,0,0,0,0,0,0,0,0,0,0,0,0,0.00006,0.00028,0.00085,0.00156,0.00399,0.0147,0.0524,0.127,0.292,0.548,1.05,1.88,3.38,6.61,11.1,15.8,20.5,25.3,29.6,34.4,40.7,47.4,54.9,62.8,71.6,80.3,88.3,91.9,91.8,96.5,103,116
Colombia,0,,,,,0,,,,,0,,,,,0,0,0,0,0,0,0,0,0,0,0,0,0,0,0,0,0,0,0,0.243,0.754,1.41,3.35,4.69,5.04,5.69,8.11,11.2,14.9,24.7,51.2,68.9,77.6,93.5,94.2,98.4,101,106,108,118,121,122,127,130
Comoros,0,,,,,0,,,,,0,,,,,0,0,0,0,0,0,0,0,0,0,0,0,0,0,0,0,0,0,0,0,0,0,0,0,0,0,0,0,0.343,1.4,2.54,5.89,9.68,14,18.2,24,30.6,39.2,46.9,50.4,54.6,57.1,57.6,59.9
"Congo, Dem. Rep.",0,,,,,0,,,,,0,,,,,0,0,0,0,0,0,0,0,0,0,0,0,0,0,0,0,0,,,,0.0204,0.0168,0.0203,0.0223,0.0261,0.0318,0.31,1.12,2.42,3.75,5.01,7.8,11.3,16.4,15.1,18.3,23.4,29.1,39.6,50.3,49.5,36.7,43.5,43.4
"Congo, Rep.",0,,,,,0,,,,,0,,,,,0,0,0,0,0,0,0,0,0,0,0,0,0,0,0,0,0,0,0,0,0,0.0359,,0.115,0.165,2.24,4.66,6.7,9.69,10.9,15.4,24.5,33.2,45,71.1,87,88.4,95,101,104,107,109,98.9,95.3
Costa Rica,0,,,,,0,,,,,0,,,,,0,0,0,0,0,0,0,0,0,0,0,0,0,0,0,0,0,0.0915,0.134,0.202,0.529,1.28,1.73,2.86,3.56,5.34,8.1,12.3,18.7,21.8,25.7,33.2,34.2,42.3,43.1,68.3,89.6,115,150,146,155,170,179,170
Cote d'Ivoire,0,,,,,0,,,,,0,,,,,0,0,0,0,0,0,0,0,0,0,0,0,0,0,0,0,0,0,0,0,0,0.0924,0.238,0.585,1.6,2.87,4.32,5.96,7.28,9.32,12.8,21.7,39,53.3,65.7,76,82.5,84,87.8,97.6,109,115,130,135
Croatia,0,,,,,0,,,,,0,,,,,0,0,0,0,0,0,0,0,0,0,0,0,0,0,0,0.00502,0.0424,0.134,0.242,0.465,0.73,1.42,2.66,4.06,6.62,23.3,39.8,52.6,57.8,64.7,83.4,101,115,105,108,114,119,116,110,105,104,105,103,106
Cuba,0,,,,,0,,,,,0,,,,,0,0,0,0,0,0,0,0,0,0,0,0,0,0,0,0,0,0.00218,0.00463,0.0106,0.0178,0.0222,0.0272,0.0367,0.0463,0.0587,0.0768,0.159,0.315,0.674,1.2,1.36,1.76,2.95,5.53,8.93,11.7,14.9,17.7,22.4,29.5,35.2,40.7,47.4
Cyprus,0,,,,,0,,,,,0,,,,,0,0,0,0,0,0,0,0,0,0,0,0,0,0.03,0.238,0.545,0.863,1.59,2.44,3.59,6.83,10.7,13.7,17.1,22.1,31.3,44.6,58.6,76.3,89.8,105,114,127,128,119,123,127,128,128,131,131,133,136,139
Czech Republic,0,,,,,0,,,,,0,,,,,0,0,0,0,0,0,0,0,0,0,0,0,0,0,0,0,0.012,0.0449,0.136,0.294,0.472,1.94,5.09,9.35,18.9,42.2,67.6,84,94.8,105,115,120,128,132,125,123,125,128,130,131,117,118,119,119
Denmark,0,,,,,0,,,,,0,,,,,0,0,0,0,0,0,0,0.141,0.314,0.598,0.901,1.13,1.51,1.98,2.41,2.88,3.41,4.08,6.89,9.66,15.7,25.1,27.4,36.4,49.4,63,73.9,83.3,88.5,95.6,101,107,115,119,124,116,128,130,125,126,124,122,124,125
Djibouti,0,,,,,0,,,,,0,,,,,0,0,0,0,0,0,0,0,0,0,0,0,0,0,0,0,0,0,0,0,0,0.0171,0.0307,0.0323,0.04,0.0321,0.409,2.01,3.03,4.47,5.62,5.64,8.63,13.8,15.6,19.7,22.6,24.5,27.6,31.9,34.4,37.2,39.5,41.2
Dominica,0,,,,,0,,,,,0,,,,,0,0,0,0,0,0,0,0,0,0,0,0,0,0,0,0,0,0,0,0,0,0.65,0.788,0.926,1.15,1.72,11.1,17.4,33.9,59.4,73.7,101,126,128,139,149,154,154,132,104,109,110,105,106
Dominican Republic,0,,,,,0,,,,,0,,,,,0,0,0,0,0,0,0,0,0,0,0,0,,,,0.0444,0.0771,0.097,0.137,0.273,0.716,1.04,1.75,2.55,5.09,8.33,14.8,19.5,23.6,28.2,39.8,50,59,76.2,90.1,91.7,89.4,90,91.6,81.7,85.6,83.8,83.4,84.1
Ecuador,0,,,,,0,,,,,0,,,,,0,0,0,0,0,0,0,0,0,0,0,0,0,0,0,0,0,0,0,0.169,0.475,0.511,1.06,1.99,3.08,3.8,6.65,11.9,17.9,26.1,45.2,60.4,69.5,80.4,89.6,98.5,101,106,106,104,79.8,84.2,87.3,92.3
Egypt,0,,,,,0,,,,,0,,,,,0,0,0,0,0,0,0,0,0,0,0,0,0.00505,0.00566,0.00661,0.00713,0.00784,0.00837,0.0115,0.0121,0.0118,0.0116,0.101,0.137,0.712,1.98,3.98,6.29,7.96,10.3,18,23.4,38.5,51.8,68.2,85.4,98.7,112,113,105,102,104,107,95.3
El Salvador,0,,,,,0,,,,,0,,,,,0,0,0,0,0,0,0,0,0,0,0,0,0,0,0,0,0,0,0.0297,0.0875,0.239,0.409,0.699,2.36,8.75,12.6,14.5,14.9,19.2,30.4,39.8,63.4,101,113,123,125,134,139,144,146,148,152,148,147
Equatorial Guinea,0,,,,,0,,,,,0,,,,,0,0,0,0,0,0,0,0,0,0,0,0,0,0,0,0,0,0,0,0,0,0.0118,0.0559,0.0532,0.103,0.825,2.37,4.86,6.04,8.63,12.9,15.3,18.3,20.9,22.2,42.3,48.5,48.6,47.5,46,45.6,47.4,44.9,45.2
Eritrea,0,,,,,0,,,,,0,,,,,0,0,0,0,0,0,0,0,0,0,0,0,0,0,0,0,0,0,0,0,0,0,0,0,0,0,0,0,0,0.735,1.43,2.12,2.81,3.55,4.52,5.84,7.53,9.39,10.8,12.6,14.2,15,20.4,
Estonia,0,,,,,0,,,,,0,,,,,0,0,0,0,0,0,0,0,0,0,0,0,0,0,0,0,0.0368,0.164,0.485,0.945,2.13,4.9,10.2,17.6,27.6,39.8,46.8,63.7,76.5,92.1,107,123,125,121,118,124,136,151,146,144,145,144,144,145
Eswatini,0,,,,,0,,,,,0,,,,,0,0,0,0,0,0,0,0,0,0,0,0,0,0,0,0,0,0,0,0,0,0,0,0.48,1.41,3.28,5.43,6.67,8.31,14.1,19.4,24.1,36.4,50.6,62.8,68.2,71.5,74.6,82.2,83.7,85.2,89.3,93.5,
Ethiopia,0,,,,,0,,,,,0,,,,,0,0,0,0,0,0,0,0,0,0,0,0,0,0,0,0,0,0,0,0,0,0,0,0,0.0105,0.0268,0.0403,0.0718,0.0711,0.209,0.538,1.1,1.5,2.36,4.75,7.82,15.7,22.1,26.9,31.1,42,49.4,37.2,
Fiji,0,,,,,0,,,,,0,,,,,0,0,0,0,0,0,0,0,0,0,0,0,0,0,0,0,0,0,0,0.144,0.284,0.472,0.656,1,2.9,6.79,9.94,11,13.5,17.4,25,34.4,63.4,71,75,81.2,84.2,99.3,107,101,111,120,118,
Finland,0,,,,,0,,,,,0,,,,,0,0,0,0,0,0.49,0.588,0.701,0.868,1.06,1.38,1.73,2.14,2.78,3.82,5.16,6.36,7.65,9.64,13.3,20.3,29.2,42,55.1,63.2,71.9,80.3,86.6,90.8,95.2,100,107,115,128,144,156,166,172,136,139,135,131,130,129
France,0,,,,,0,,,,,0,,,,,0,0,0,0,0,0,0,0,0,0,0,0.0163,0.0703,0.175,0.316,0.5,0.659,0.764,0.997,1.53,2.25,4.25,9.99,19.2,36.5,49.2,62.3,64.5,69.2,73.4,78.7,84,89.5,93.2,92.6,91.9,94.6,97.9,99.1,102,103,104,106,108
Gabon,0,,,,,0,,,,,0,,,,,0,0,0,0,0,0,0,0,0,0,0,0,0,0,0,0,0,0.0279,0.117,0.244,0.369,0.611,0.832,0.829,0.742,9.77,11.9,21.7,22.7,36.1,53,62.8,79.4,85.6,92.4,99.1,141,146,151,156,145,148,129,138
Gambia,0,,,,,0,,,,,0,,,,,0,0,0,0,0,0,0,0,0,0,0,0,0,0,0,0,0,0.0198,0.0431,0.0742,0.128,0.266,0.394,0.408,0.416,0.425,4.05,7.12,10.3,11.7,16,25.4,48.8,69,75.4,82.4,75.8,80.1,94.2,113,130,132,134,140
Georgia,0,,,,,0,,,,,0,,,,,0,0,0,0,0,0,0,0,0,0,0,0,0,0,0,0,0,0,0,0,0.00301,0.0475,0.637,1.31,2.99,4.46,7.01,11.8,16.8,19.9,27.9,40.7,62.4,66.5,68.9,97.1,109,116,123,134,138,138,137,136
Germany,0,,,,,0,,,,,0,,,,,0,0,0,0,0,0,0,0,0,0,0.00139,0.0306,0.0625,0.126,0.208,0.345,0.67,1.22,2.21,3.08,4.59,6.78,10.2,17.1,28.8,59.2,68.9,72.5,79.4,87.4,97.1,105,118,130,130,109,112,114,123,122,118,126,133,129
Ghana,0,,,,,0,,,,,0,,,,,0,0,0,0,0,0,0,0,0,0,0,0,0,0,0,0,0,0.00256,0.0108,0.0201,0.0364,0.0731,0.122,0.227,0.372,0.675,1.23,1.91,3.83,7.97,13.2,23.3,33.1,49.1,62.5,70.4,83.4,98.5,105,112,126,134,126,138
Greece,0,,,,,0,,,,,0,,,,,0,0,0,0,0,0,0,0,0,0,0,0,0,0,0,0,0,0,0.456,1.44,2.54,4.91,8.6,18.7,35.4,53.5,71.5,83.3,79.7,83,91.4,98.2,111,125,121,113,112,124,117,113,118,118,122,116
Grenada,0,,,,,0,,,,,0,,,,,0,0,0,0,0,0,0,0,0,0,0,0,0,0,0,0.156,0.152,0.186,0.287,0.352,0.399,0.564,0.961,1.38,1.96,4.18,6.21,7.29,40.7,41.5,44.8,44,48.8,56.9,108,115,113,121,123,108,109,108,102,
Guatemala,0,,,,,0,,,,,0,,,,,0,0,0,0,0,0,0,0,0,0,0,0,0,0,0,0.00316,0.0129,0.0221,0.0301,0.103,0.288,0.408,0.59,1,2.97,7.35,9.61,12.9,16.3,24.8,34.4,53.6,86.8,107,121,123,130,136,139,106,111,110,118,119
Guinea,0,,,,,0,,,,,0,,,,,0,0,0,0,0,0,0,0,0,0,0,0,0,0,0,0,0,0,0.00061,0.0115,0.0131,0.0127,0.0374,0.274,0.313,0.511,0.661,1.06,1.27,1.74,2.07,,21,28.2,35,39.2,46.6,52.4,68.3,77.9,94.2,94.6,97,96.8
Guinea-Bissau,0,,,,,0,,,,,0,,,,,0,0,0,0,0,0,0,0,0,0,0,0,0,0,0,0,0,0,0,0,0,0,0,0,0,0,0,0,0.0993,3,7.35,11.4,21,34.6,37.8,44.5,46.9,65.4,57,65.5,71.3,72.1,78.5,79
Guyana,0,,,,,0,,,,,0,,,,,0,0,0,0,0,0,0,0,0,0,0,0,0,0,0,0,0,0.112,0.136,0.165,0.163,0.158,0.185,0.193,0.376,5.33,10.1,10.7,18.5,23,37.7,53.6,72.2,60,65.3,74.8,70.3,72.4,73.1,74.3,70.7,75.8,83,
Haiti,0,,,,,0,,,,,0,,,,,0,0,0,0,0,0,0,0,0,0,0,0,0,0,0,0,0,0,0,0,0,0,0,0.122,0.301,0.65,1.06,1.6,3.6,4.42,5.44,12.8,26.3,33.2,37.2,40.2,41.6,59.5,68.8,64.2,68.3,60,57.4,57.5
Honduras,0,,,,,0,,,,,0,,,,,0,0,0,0,0,0,0,0,0,0,0,0,0,0,0,0,0,0,0,0,0,0.0393,0.239,0.561,1.23,2.36,3.52,4.71,5.34,9.71,17.2,29.4,53.6,77.8,103,114,95.1,85.3,88.3,86.3,88.3,84.5,87.3,79.2
Hungary,0,,,,,0,,,,,0,,,,,0,0,0,0,0,0,0,0,0,0,0,0,0,0,0,0.0255,0.0818,0.225,0.441,1.38,2.56,4.58,6.85,10.4,15.9,30.1,48.7,67.7,78.3,86.3,92.4,99.1,110,122,118,121,118,117,118,120,101,102,102,103
Iceland,0,,,,,0,,,,,0,,,,,0,0,0,0,0,0,0,0,0,0,0,1.08,2.03,2.61,3.13,3.92,5,5.86,6.63,8.24,11.5,17.3,24,37.9,62.1,76.6,87.7,91.3,97.1,99.6,96,101,107,108,107,106,106,108,109,113,116,121,123,126
India,0,,,,,0,,,,,0,,,,,0,0,0,0,0,0,0,0,0,0,0,0,0,0,0,0,0,0,0,0,0.00795,0.0334,0.0881,0.117,0.182,0.339,0.608,1.19,3.03,4.62,7.85,14.2,19.7,28.9,43.1,60.9,71.5,68.3,69.2,72.9,76.4,85.1,87.3,86.9
Indonesia,0,,,,,0,,,,,0,,,,,0,0,0,0,0,0,0,0,0,0.00108,0.00123,0.00269,0.00368,0.00515,0.00725,0.00998,0.0133,0.0189,0.028,0.0402,0.107,0.281,0.452,0.518,1.06,1.73,3.04,5.38,8.4,13.6,20.7,27.8,40.2,59.7,68.6,87.4,102,113,124,128,131,147,164,119
Iran,0,,,,,0,,,,,0,,,,,0,0,0,0,0,0,0,0,0,0,0,0,0,0,0,0,0,0,0,0.0152,0.0259,0.0963,0.378,0.61,0.757,1.47,3.14,3.39,5.06,7.36,12.2,21.8,41.7,59.6,72.1,73.3,75.1,77,85.3,88.9,94.6,101,108,108
Iraq,0,,,,,0,,,,,0,,,,,0,0,0,0,0,0,0,0,0,0,0,0,0,0,0,0,0,0,0,0,0,0,0,0,0,0,0,0.0802,0.312,2.18,5.69,34,50.2,61.8,69.4,78.2,83.1,83.9,97.9,95.9,94.3,91.4,89,95
Ireland,0,,,,,0,,,,,0,,,,,0,0,0,0,0,0,0,0,0,0,0.00854,0.0427,0.0988,0.179,0.387,0.712,0.91,1.25,1.72,2.47,4.4,7.97,14.9,25.7,44.9,65.1,77.3,76.8,87.9,95.1,103,111,115,114,105,103,107,109,106,106,105,104,103,103
Israel,,,,,,,,,,,,,,,,,,,,,,,,,,,,,,,0.343,0.501,0.76,1.31,2.61,8.45,19.3,30,37.7,49.4,74,90.8,102,105,113,119,126,130,128,125,124,123,121,123,121,132,130,128,128
Italy,0,,,,,0,,,,,0,,,,,0,0,0,0,0,0,0,0,0,0,0.0113,0.0159,0.029,0.0589,0.116,0.466,0.995,1.37,2.11,3.92,6.86,11.3,20.6,36.1,53.5,74.5,90.1,94.8,98.6,108,123,137,153,153,152,158,161,162,161,149,145,142,138,137
Jamaica,0,,,,,0,,,,,0,,,,,0,0,0,0,0,0,0,0,0,0,0,0,0,0,0,0,0.1,0.31,0.613,1.04,1.78,2.14,2.55,3.01,5.48,13.8,22.4,46.2,58.2,67.4,72.3,82.6,97,97.9,106,113,104,95.5,99.6,105,109,112,106,101
Japan,0,,,,,0,,,,,0,,,,,0,0,0,0,0,0,0.0112,0.0166,0.0226,0.0333,0.0507,0.0776,0.123,0.197,0.395,0.697,1.1,1.37,1.7,3.44,9.27,21.2,30.1,37.2,44.6,52.4,58.6,63.4,67.7,71.4,75.2,77.7,83.5,85.9,90.5,95.9,103,110,115,123,125,131,136,141
Jordan,0,,,,,0,,,,,0,,,,,0,0,0,0,0,0,0,0,0,0,0,0,0,0,0,0.0403,0.0389,0.0368,0.0347,0.0328,0.258,0.509,0.929,1.67,2.35,7.59,16.6,22.9,24.4,29.1,54.4,72.5,76.3,81,87.2,91.2,97.6,111,121,124,149,103,99.2,87.6
Kazakhstan,0,,,,,0,,,,,0,,,,,0,0,0,0,0,0,0,0,0,0,0,0,0,0,0,0,0,0,0,0.0025,0.029,0.0627,0.0727,0.196,0.33,1.32,3.9,6.86,8.81,16,35,50,78.5,94,106,119,153,180,178,165,150,143,148,142
Kenya,0,,,,,0,,,,,0,,,,,0,0,0,0,0,0,0,0,0,0,0,0,0,0,0,0,0,0.00434,0.00445,0.00738,0.00821,0.00988,0.023,0.0356,0.0764,0.399,1.83,3.52,4.59,7.15,12.6,19.5,29.3,41,47.3,59.4,65,69.3,69.9,72,78.8,79.5,85.3,96.3
Kiribati,0,,,,,0,,,,,0,,,,,0,0,0,0,0,0,0,0,0,0,0,0,0,0,0,0,0,0,0,0,0,0,0,0.027,0.241,0.355,0.46,0.567,0.592,0.68,0.704,0.742,0.777,1.01,9.82,10.3,13.2,16.9,18.5,27.4,37,46.2,40.4,50.8
Kuwait,0,,,,,0,,,,,0,,,,,0,0,0,0,0,0,0,0,0,0,0,0.448,0.738,0.86,1.08,0.99,2.12,2.67,3.63,5.13,7.32,9.29,12.3,13.7,15.4,23.3,41.7,57.4,65.7,80.6,60.9,49.7,57,56.5,92.8,133,156,152,182,206,200,194,176,172
Kyrgyz Republic,0,,,,,0,,,,,0,,,,,0,0,0,0,0,0,0,0,0,0,0,0,0,0,0,0,0,0,0,0,0,0,0,0.0282,0.0529,0.183,0.544,1.06,2.76,5.23,10.7,24.6,41.8,64.6,84.1,97.3,114,121,118,129,127,125,137,139
Lao,0,,,,,0,,,,,0,,,,,0,0,0,0,0,0,0,0,0,0,0,0,0,0,0,0,0,0.00644,0.00736,0.0132,0.0318,0.0766,0.0973,0.125,0.231,0.238,0.546,1,2.01,3.61,11.4,17.3,24.9,33.4,52.6,64.1,86.3,66.7,70.5,69.6,55.3,57.8,53.4,51.9
Latvia,0,,,,,0,,,,,0,,,,,0,0,0,0,0,0,0,0,0,0,0,0,0,0,0,0,0,0.0392,0.147,0.329,0.598,1.15,3.14,6.89,11.4,16.8,27.8,39.3,52.9,67.4,83.1,98.1,101,106,107,109,110,127,125,118,130,134,126,107
Lebanon,0,,,,,0,,,,,0,,,,,0,0,0,0,0,0,0,0,0,0,0,0,0,0,0,0,0,0,0,0,3.4,5.48,10.2,13.7,16.7,19.3,19.2,18.5,18.1,19.4,21.1,23.2,26.4,29.9,49.7,57.8,66.4,67.8,65.7,70.1,71.3,63.7,64.5,64.5
Lesotho,0,,,,,0,,,,,0,,,,,0,0,0,0,0,0,0,0,0,0,0,0,0,0,0,0,0,0,0,0,0,0.0652,0.178,0.492,0.594,1.06,2.8,6.8,6.24,9.78,12.5,18,24.3,29.9,33.2,49.5,61.5,76.7,88.3,105,104,110,114,
Liberia,0,,,,,0,,,,,0,,,,,0,0,0,0,0,0,0,0,0,0,0,0,0,0,0,0,0,0,0,0,0,0,0,0,0,0.0527,0.0677,0.165,1.54,3.01,4.97,8.41,16.3,23.7,28.9,40.4,50.3,57.5,60,74,81.7,68,56.6,
Libya,0,,,,,0,,,,,0,,,,,0,0,0,0,0,0,0,0,0,0,0,0,0,0,0,0,0,0,0,0,0,0,0.195,0.385,0.569,0.747,0.919,1.27,2.26,8.76,34.5,66.7,75.3,122,155,176,160,153,162,134,152,118,91.5,
Liechtenstein,,,,,,,,,,,,,,,,,,,,,,,,,,,,,,,0,,,,,,,,23.2,27.5,30.1,32.8,33.7,73.2,74,79.2,82.2,90.9,95.9,98,98.6,102,98.5,104,109,109,118,123,125
Lithuania,0,,,,,0,,,,,0,,,,,0,0,0,0,0,0,0,0,0,0,0,0,0,0,0,0,0,0.00724,0.0338,0.124,0.408,1.41,4.62,7.53,9.41,15,29.3,47.8,61.6,90.2,130,143,151,156,157,157,160,164,152,144,143,146,153,164
Luxembourg,0,,,,,0,,,,,0,,,,,0,0,0,0,0,0,0,0,0,0,0.0109,0.0792,0.101,0.145,0.176,0.216,0.295,0.286,1.28,3.2,6.58,10.9,16,30.6,48.5,69.5,92.9,107,120,104,111,153,144,146,145,143,147,143,145,145,142,132,134,132
Madagascar,0,,,,,0,,,,,0,,,,,0,0,0,0,0,0,0,0,0,0,0,0,0,0,0,0,0,0,0,0.0023,0.00965,0.0165,0.0286,0.0863,0.234,0.4,0.907,0.972,1.64,1.88,2.78,5.54,11.4,24.2,30.5,36.5,39.9,39.3,36.8,41.2,44.1,32.1,34.1,40.6
Malawi,0,,,,,0,,,,,0,,,,,0,0,0,0,0,0,0,0,0,0,0,0,0,0,0,0,0,0,0,0,0.00388,0.0369,0.0682,0.0995,0.207,0.44,0.487,0.735,1.13,1.81,3.34,4.78,7.88,11,17.6,21.4,26.4,30.2,33.4,34.6,39.2,41.7,44,39
Malaysia,0,,,,,0,,,,,0,,,,,0,0,0,0,0,0,0,0,0,0,,0.0674,0.105,0.16,0.225,0.48,0.702,1.06,1.75,2.86,4.91,7.23,9.28,9.95,13.2,22.1,31.1,37.4,45,58,76.1,74.3,87.4,102,109,120,128,142,146,150,146,142,136,135
Maldives,0,,,,,0,,,,,0,,,,,0,0,0,0,0,0,0,0,0,0,0,0,0,0,0,0,0,0,0,0,0,0.00772,0.489,0.598,1.07,2.73,6.6,14.2,22,36.4,63.7,82.8,93.5,127,130,135,139,141,150,153,163,171,181,166
Mali,0,,,,,0,,,,,0,,,,,0,0,0,0,0,0,0,0,0,0,0,0,0,0,0,0,0,0,0,0,0,0.0121,0.0282,0.0432,0.06,0.095,0.213,0.396,2.06,3.29,5.96,11.5,18.5,24.4,30.6,49.4,69.8,91.4,120,139,130,113,119,115
Malta,0,,,,,0,,,,,0,,,,,0,0,0,0,0,0,0,0,0,0,0,0,0,0,0,0,0.625,0.951,1.43,2.01,2.86,3.29,4.61,5.82,9.61,29.1,60.4,69.4,72.3,76,80.1,85.3,90.4,94.2,103,110,125,126,131,127,121,134,138,140
Marshall Islands,0,,,,,0,,,,,0,,,,,0,0,0,0,0,0,0,0,0,0,0,0,0,0,0,0,0,0,0,0.558,0.523,0.722,0.924,0.685,0.879,0.881,0.951,1.05,1.12,1.18,1.19,,,,,,,,,27.1,27,,27.6,
Mauritania,0,,,,,0,,,,,0,,,,,0,0,0,0,0,0,0,0,0,0,0,0,0,0,0,0,0,0,0,0,0,0,0,0,0,0.582,4.09,8.9,12.3,17.8,24.7,34.1,44.2,63.5,64.3,79.4,92.1,109,104,95.5,90.1,86.8,95.1,104
Mauritius,0,,,,,0,,,,,0,,,,,0,0,0,0,0,0,0,0,0,0,0,0,0,0,0,0.208,0.234,0.269,0.367,0.512,1.04,1.83,3.68,5.19,8.69,15.2,22.8,28.9,38.2,45.1,53.8,62.9,75.3,83.4,87.4,95.4,103,119,122,131,140,144,145,151
Mexico,0,,,,,0,,,,,0,,,,,0,0,0,0,0,0,0,0,0,0,0,0,0,0.00186,0.0103,0.0761,0.188,0.359,0.436,0.631,0.751,1.1,1.84,3.49,7.93,14.2,21.7,25.5,29.2,36.8,44.5,51.5,61,68,74,80.1,81.8,85.9,89.8,87.2,88.4,90.6,91.6,95.2
"Micronesia, Fed. Sts.",0,,,,,0,,,,,0,,,,,0,0,0,0,0,0,0,0,0,0,0,0,0,0,0,0,0,0,0,0,0,0,0,0,0,0,0,0.0934,5.49,12,13.3,17.7,26.3,26.6,26.7,26.7,26.7,29.9,29.6,,20.7,21.2,20.7,
Moldova,0,,,,,0,,,,,0,,,,,0,0,0,0,0,0,0,0,0,0,0,0,0,0,0,0,0,0,0,0,0.00032,0.0213,0.0513,0.165,0.426,3.31,5.37,8.09,11.4,18.9,26.2,32.8,45.6,58.9,52.1,62.4,78.9,87.9,90.7,91.8,91.2,93.2,90.2,88
Monaco,0,,,,,0,,,,,0,,,,,0,0,0,0,0,0,0,0,0,0,0,0,0,0,0,0,0,0,3.81,8.41,9.78,17.4,23,36.4,41.1,43.3,44,45.3,45.5,47,50.8,53.5,59.1,63.1,65.3,65.7,88.2,91,96.1,90.2,90.2,87.5,85.9,84.5
Mongolia,0,,,,,0,,,,,0,,,,,0,0,0,0,0,0,0,0,0,0,0,0,0,0,0,0,0,0,0,0,0,0.0389,0.0856,0.383,1.45,6.45,8.06,8.84,12.9,17.2,22.1,30.3,46.1,67,84.1,92.3,106,119,99.9,103,102,110,125,133
Montenegro,,,,,,,,,,,,,,,,,,,,,,,,,,,,,,,,,,,,,,,,,,,,,78.6,88.1,104,145,186,208,187,185,158,159,162,161,166,166,181
Morocco,0,,,,,0,,,,,0,,,,,0,0,0,0,0,0,0,0,0,0,0,0,0.00026,0.00044,0.00287,0.00364,0.00594,0.0125,0.0257,0.0519,0.109,0.157,0.268,0.415,1.3,8.13,16.4,21,24.7,31,40.7,52,64.3,72.3,79.3,98.9,112,117,126,129,124,118,123,124
Mozambique,0,,,,,0,,,,,0,,,,,0,0,0,0,0,0,0,0,0,0,0,0,0,0,0,0,0,0,0,0,0,0,0.0152,0.04,0.071,0.288,0.838,1.36,2.25,3.56,7.34,11.1,14.2,19.8,26.1,30.7,32.5,35.4,48.5,70.3,74.5,54,41.5,47.7
Myanmar,0,,,,,0,,,,,0,,,,,0,0,0,0,0,0,0,0,0,0,0,0,0,0,0,0,0,0,0.0015,0.00443,0.0063,0.0163,0.0189,0.0187,0.0247,0.0287,0.048,0.101,0.138,0.19,0.263,0.434,0.499,0.736,0.999,1.17,2.44,7.25,13.2,55.5,77.8,95.4,89.8,114
Namibia,0,,,,,0,,,,,0,,,,,0,0,0,0,0,0,0,0,0,0,0,0,0,0,0,0,0,0,0,0,0.215,0.399,0.736,1.13,1.7,4.57,5.85,8.1,11.9,15,23.2,30.9,39.9,51.5,78.4,92,102,97.8,122,117,110,113,112,113
Nauru,0,,,,,0,,,,,0,,,,,0,0,0,0,0,0,0,0,0,0,0,0,0,0,0,0,0,0,1.46,4.29,4.7,5.62,7.04,8.05,9.57,11.6,14.7,,,,,,,,,62,66.5,67.1,,,90.5,94.5,94.6,
Nepal,0,,,,,0,,,,,0,,,,,0,0,0,0,0,0,0,0,0,0,0,0,0,0,0,0,0,0,0,0,0,0,0,0,0.0234,0.0427,0.071,0.0885,0.326,0.459,0.883,4.44,12.4,15.8,20.8,34,49.4,61.5,79.4,85.6,102,118,131,139
Netherlands,0,,,,,0,,,,,0,,,,,0,0,0,0,0,0,0,0,0,,0.0331,0.105,0.165,0.223,0.377,0.528,0.763,1.09,1.41,2.09,3.48,6.53,11,21.3,42.6,67.5,76.2,75.1,81.5,90.9,96.7,105,117,124,121,115,118,117,116,116,123,123,121,124
New Zealand,0,,,,,0,,,,,0,,,,,0,0,0,0,0,0,0,0,0,0,0,0,0.0725,0.3,0.86,1.59,2.1,2.86,4.03,6.6,9.93,13.3,15.1,20.9,36.5,40,58.5,61.8,64.6,74.2,85.4,90.8,100,108,109,108,109,110,105,112,121,131,136,135
Nicaragua,0,,,,,0,,,,,0,,,,,0,0,0,0,0,0,0,0,0,0,0,0,0,0,0,0,0,0,0.00726,0.0479,0.0946,0.108,0.157,0.373,0.886,1.78,3.2,4.55,8.82,13.8,20.6,33.2,44.8,54.8,58.2,68,81.7,97.8,112,115,117,123,128,115
Niger,0,,,,,0,,,,,0,,,,,0,0,0,0,0,0,0,0,0,0,0,0,0,0,0,0,0,0,0,0,0,0,0.00096,0.0128,0.0201,0.0181,0.0181,0.472,0.651,1.31,2.38,3.41,6.13,12.4,16.4,22.3,27.7,30.3,37.9,42.8,44.8,35.9,40.6,
Nigeria,0,,,,,0,,,,,0,,,,,0,0,0,0,0,0,0,0,0,0,0,0,0,0,0,0,0,0,0.00881,0.0122,0.012,0.0126,0.0132,0.0172,0.021,0.0245,0.212,1.22,2.39,6.76,13.4,22.7,27.6,41.9,48.3,55.1,58.5,67.4,74.1,78.8,83.3,83,75.9,88.2
North Korea,0,,,,,0,,,,,0,,,,,0,0,0,0,0,0,0,0,0,0,0,0,0,0,0,0,0,0,0,0,0,0,0,0,0,0,0,0,0,0,0,0,0,0,0.284,1.76,4.05,6.85,9.71,11.2,12.9,14.2,15,
North Macedonia,0,,,,,0,,,,,0,,,,,0,0,0,0,0,0,0,0,0,0,0,0,0,0,0,0,0,0,0,0,0,0.0532,0.618,1.5,2.41,5.69,10.9,17.8,37.8,47.9,54.9,61.3,86.9,95.2,93.9,104,107,108,108,107,100,98.5,96.4,94.5
Norway,0,,,,,0,,,,,0,,,,,0,0,0,0,0,0,0.0407,0.269,0.569,0.944,1.52,2.09,2.87,3.62,3.97,4.63,5.49,6.59,8.6,13.6,22.5,28.7,37.9,46.6,59.5,71.7,79.4,83.4,88.9,98.4,103,104,107,109,111,115,116,116,112,112,110,109,108,107
Oman,0,,,,,0,,,,,0,,,,,0,0,0,0,0,0,0,0,0,0,0.00347,0.0478,0.0716,0.102,0.12,0.151,0.194,0.238,0.271,0.314,0.365,0.671,2.36,4.35,5.37,7.14,14.1,19.8,24.9,33,53.1,70.4,94.1,117,138,151,148,151,149,154,156,153,149,133
Pakistan,0,,,,,0,,,,,0,,,,,0,0,0,0,0,0,0,0,0,0,0,0,0,0,0,0.00186,0.00767,0.0118,0.0137,0.0205,0.0331,0.0534,0.103,0.145,0.192,0.215,0.509,1.14,1.57,3.21,7.97,21,37.5,51.3,53.7,55.3,59.4,64.2,66.8,69.5,63.1,67,69.5,72.6
Palau,,,,,,,,,,,,,,,,,,,,,,,,,,,,,,,,,,,,,,,,,,,12.5,19.8,19.8,30.6,42.7,55.8,62.4,69.7,80.8,87,97.2,102,108,134,,,
Palestine,,,,,,,,,,,,,,,,,,,,,,,,,,,,,,,0,,0,0,0,,,,,,0.219,5.32,7.44,7.67,12.5,15.9,22.4,27.2,34.1,45.5,64.2,69.5,73.9,73.6,72.2,78,80.1,84.2,90
Panama,0,,,,,0,,,,,0,,,,,0,0,0,0,0,0,0,0,0,0,0,0,0,0,0,0,0,0,0,0,0,0.25,0.823,2.95,7.84,13.5,15.4,16.7,21.6,38.5,52.5,64.1,87.2,111,169,182,182,165,162,177,145,127,129,137
Papua New Guinea,0,,,,,0,,,,,0,,,,,0,0,0,0,0,0,0,0,0,0,0,0,0,0,0,0,0,0,0,0,0,0.043,0.0708,0.0996,0.123,0.146,0.179,0.246,0.281,0.76,1.15,1.5,4.41,12.5,19.8,26.1,32.1,35.5,38.5,42.3,43.9,45.7,47.6,
Paraguay,0,,,,,0,,,,,0,,,,,0,0,0,0,0,0,0,0,0,0,0,0,0,0,0,0,0,0.0338,0.0744,0.164,0.331,0.672,1.69,4.53,8.35,15.4,21.2,30.1,31.4,30.5,32.4,54.7,78.3,95.2,91.2,94.8,103,106,108,111,111,110,109,107
Peru,0,,,,,0,,,,,0,,,,,0,0,0,0,0,0,0,0,0,0,0,0,0,0,0,0.00748,0.0253,0.0938,0.155,0.219,0.303,0.812,1.67,2.89,3.89,4.81,6.69,8.51,10.7,14.8,20,32.5,54.4,73.4,85.8,100,111,99.6,100,106,112,119,124,
Philippines,0,,,,,0,,,,,0,,,,,0,0,0,0,0,0,0,0,0,0,0,0,0,0,0,0,0.0545,0.0862,0.154,0.252,0.708,1.34,1.84,2.32,3.73,8.28,15.3,18.9,27.1,38.9,40.3,48.8,64.1,74.9,81.8,88.5,98.6,105,104,111,115,116,110,126
Poland,0,,,,,0,,,,,0,,,,,0,0,0,0,0,0,0,0,0,0,0,0,0,0,0,0,0,0.00575,0.041,0.101,0.195,0.563,2.11,5,10.3,17.5,26,36.1,45.3,60.1,76,95.8,108,115,117,122,131,141,149,149,143,140,133,135
Portugal,0,,,,,0,,,,,0,,,,,0,0,0,0,0,0,0,0,0,0,0,0,0,0,0.0281,0.0657,0.127,0.374,1.01,1.73,3.38,6.55,14.8,30.1,45.6,64.7,77.1,83.5,95.9,101,109,116,127,133,111,115,117,113,114,114,113,112,114,116
Qatar,0,,,,,0,,,,,0,,,,,0,0,0,0,0,0,0,,,,,,,,,0.8,0.832,0.854,0.855,2.27,3.6,5.51,8.12,11.9,14.8,20.4,28.9,41.6,55.2,65.1,82.8,89.9,104,99.5,118,118,113,118,142,134,146,138,146,142
Romania,0,,,,,0,,,,,0,,,,,0,0,0,0,0,0,0,0,0,0,0,0,0,0,0,0,0,0,0.00344,0.012,0.0395,0.0745,0.888,2.86,6.08,11.3,17.5,23.4,32.4,47.3,62.4,75.3,97,117,122,119,115,113,114,114,116,116,114,116
Russia,0,,,,,0,,,,,0,,,,,0,0,0,0,0,0,0,0,0,0,0,0,0,0,0,0,0.0002,0.00405,0.00674,0.0187,0.0597,0.151,0.328,0.507,0.933,2.23,5.31,12.1,25,51.2,83.5,105,119,139,161,166,142,144,151,153,157,158,156,157
Rwanda,0,,,,,0,,,,,0,,,,,0,0,0,0,0,0,0,0,0,0,0,0,0,0,0,0,0,0,0,0,0,0,0,0.0718,0.147,0.492,0.79,0.978,1.53,1.58,2.52,3.47,6.85,13.9,24.8,35.3,43.2,53.9,61.9,69.9,77,76.5,73.6,78.9
Samoa,0,,,,,0,,,,,0,,,,,0,0,0,0,0,0,0,0,0,0,0,0,0,0,0,0,0,0,0,0,0,0,0.445,0.856,1.4,1.43,1.43,1.53,5.92,8.96,13.4,25.2,47.2,,,48.4,,53,52.4,55.4,62.3,77.6,63.6,
San Marino,,,,,,,,,,,,,,,,,,,,,,,,,,,,,,,0,,3.63,5.16,7.43,9.02,8.68,8.85,18.6,35.3,52.8,57,59.5,59.2,59,58.5,58.6,58.2,80.2,97.2,97.9,112,112,113,114,110,109,113,
Sao Tome and Principe,0,,,,,0,,,,,0,,,,,0,0,0,0,0,0,0,0,0,0,0,0,0,0,0,0,0,0,0,0,0,0,0,0,0,0,0,1.34,3.2,5.04,7.59,11.4,18.1,29.5,46,57,62.3,64.8,65.2,65.7,92.7,87.6,84,77.1
Saudi Arabia,,,,,,,,,,,,,,,,,,,,,,,,,,,,,,,0.0915,0.0914,0.0916,0.0896,0.0876,0.0859,1,1.71,3.17,4.14,6.66,11.9,23,32.2,39.7,59.5,80.4,113,139,168,188,191,182,177,171,166,148,121,123
Senegal,0,,,,,0,,,,,0,,,,,0,0,0,0,0,0,0,0,0,0,0,0,0,0,0,0,0,0,0,0.00116,0.0014,0.0158,0.076,0.294,0.918,2.55,3.01,5.38,7.42,10.4,15.6,26.2,31.1,44.9,56,65.8,71.8,85.6,95.3,101,103,101,102,104
Serbia,,,,,,,,,,,,,,,,,,,,,,,,,,,,,,,,,,,,,,,,,,,,,51.2,59.9,72.6,92.9,106,110,110,114,102,103,105,103,103,97.6,95.8
Seychelles,0,,,,,0,,,,,0,,,,,0,0,0,0,0,0,0,0,0,0,0,0,0,0,0,0,0,0,0,0,0.0652,1.34,2.87,6.56,20.4,32.1,44.5,53.2,57.4,62.2,66.3,78.6,85.8,103,122,129,138,147,146,161,156,159,173,184
Sierra Leone,0,,,,,0,,,,,0,,,,,0,0,0,0,0,0,0,0,0,0,0,0,0,0,0,0,0,0,0,0,0,0,0,0,0,0.26,0.566,1.35,2.18,,,,13,16.4,18.5,31.2,32.6,32.9,58.3,67.8,78.9,85.7,88.5,
Singapore,0,,,,,0,,,,,0,,,,,0,0,0,0,0,0,0,0,0,,,,,0.377,0.895,1.72,2.64,3.75,5.41,6.9,8.68,11.8,22.6,28.4,41.2,68.2,73.4,80.7,86.6,95.5,103,109,129,134,139,144,148,150,155,147,147,150,147,149
Slovak Republic,0,,,,,0,,,,,0,,,,,0,0,0,0,0,0,0,0,0,0,0,0,0,0,0,0,0.00224,0.0288,0.0584,0.111,0.229,0.532,3.71,8.63,12.3,23,39.8,54.1,68.1,79.2,84.1,90.6,112,102,102,110,111,113,115,117,123,128,131,133
Slovenia,0,,,,,0,,,,,0,,,,,0,0,0,0,0,0,0,0,0,0,0,0,0,0,0,0,0.0261,0.175,0.325,0.819,1.37,2.07,4.71,8.13,31.8,61.2,74,83.9,87.5,92.9,88.2,90.9,95.8,102,103,104,106,109,111,113,114,115,118,119
Solomon Islands,0,,,,,0,,,,,0,,,,,0,0,0,0,0,0,0,0,0,0,0,0,0,0,0,0,0,0,0,0.0412,0.064,0.0912,0.173,0.18,0.272,0.279,0.228,0.229,0.237,0.654,1.28,1.46,2.21,5.96,9.71,21.9,50.8,54.3,56.6,64.2,70.4,67.2,73.2,73.8
Somalia,0,,,,,0,,,,,0,,,,,0,0,0,0,0,0,0,0,0,0,0,0,0,0,0,0,0,0,0,0,0,0,0,0,0,0.902,0.925,1.05,2.04,4.94,4.79,5.11,5.42,5.5,5.47,5.38,14.5,18.1,39.7,41,42.3,46.9,48.8,51
South Africa,0,,,,,0,,,,,0,,,,,0,0,0,0,0,0,0,0,0,0,0,0,0,0,0.0111,0.0154,0.0188,0.0323,0.101,0.838,1.29,2.26,4.27,7.64,11.7,18.5,23.7,29.7,36.1,44.1,70.9,81.8,86.1,90.4,92,98.4,123,129,143,145,159,147,155,160
South Korea,0,,,,,0,,,,,0,,,,,0,0,0,0,0,0,0,0,0,,,0.0172,0.0246,0.0484,0.0935,0.186,0.383,0.62,1.06,2.14,3.62,6.95,14.9,30.1,49.9,56.6,60.9,67.4,69.6,75.4,78.7,82.2,90.5,92.7,97.2,102,105,107,109,113,116,120,125,130
South Sudan,,,,,,,,,,,,,,,,,,,,,,,,,,,,,,,,,,,,,,,,,,,,,,,,,,,15.8,18.3,22.7,27.6,27.2,27.1,24.9,25.6,33.5
Spain,0,,,,,0,,,,,0,,,,,0,0,0,0,0,0,0,0,,,,0.00438,0.0108,0.0298,0.0761,0.14,0.276,0.457,0.651,1.04,2.38,7.51,10.8,16,37.1,59.4,71.8,80,87.4,89.2,97,102,107,108,110,109,112,108,107,109,109,110,113,116
Sri Lanka,0,,,,,0,,,,,0,,,,,0,0,0,0,0,0,0,0,0,0,0,0,0,0,0,0.00583,0.0103,0.0149,0.0819,0.161,0.281,0.387,0.622,0.938,1.38,2.29,3.53,4.89,7.25,11.4,17.2,27.5,40.2,55.5,81,85.7,89.8,94.2,98.3,106,114,123,133,143
St. Kitts and Nevis,0,,,,,0,,,,,0,,,,,0,0,0,0,0,0,0,0,0,0,0,0,0,0,0,0,,,,,,0.706,0.478,1.02,1.6,2.72,4.71,11.1,48.1,62.6,109,108,135,155,155,163,156,152,153,128,143,148,148,
St. Lucia,0,,,,,0,,,,,0,,,,,0,0,0,0,0,0,0,0,0,0,0,0,0,0,0,0,,,,0.361,0.681,0.941,1.06,1.24,1.48,1.6,1.71,8.98,61.7,62.4,64.7,63.9,87.7,103,110,114,123,122,119,106,105,98.1,97.6,102
St. Vincent and the Grenadines,0,,,,,0,,,,,0,,,,,0,0,0,0,0,0,0,0,0,0,0,0,0,0,0,0,,0.0648,0.0768,0.139,0.199,0.259,0.321,0.696,1.32,2.19,6.94,9.23,58.1,66.4,65,80.7,102,120,112,122,122,117,115,106,104,103,105,96.1
Sudan,0,,,,,0,,,,,0,,,,,0,0,0,0,0,0,0,0,0,0,0,0,0,0,0,0,0,0,0,0,0,0.00733,0.0123,0.0272,0.0399,0.0687,0.302,0.539,1.45,2.8,4.75,11.8,20.2,28.7,35.7,52.4,70.9,76.4,74.6,73.2,71.8,69.8,70.2,72
Suriname,0,,,,,0,,,,,0,,,,,0,0,0,0,0,0,0,0,0,0,0,0,0,0,0,0,0,0,0.252,0.318,0.382,0.539,0.497,1.31,3.76,8.72,18.3,22.5,34.5,43.1,46.6,63.3,74.3,127,146,98.5,99.7,105,159,168,134,143,140,131
Sweden,0,,,,,0,,,,,0,,,,,0,0,0,0,0,0,0.245,0.327,0.436,0.694,0.873,1.34,2.05,2.87,4.1,5.38,6.59,7.55,8.85,15.7,22.7,28.1,35.7,46.3,57.8,71.7,80.7,89.1,98.3,97.7,101,106,110,108,112,117,121,124,125,127,129,128,126,127
Switzerland,0,,,,,0,,,,,0,,,,,0,0,0,0,0,0,0,0,0,0,0,0,0.0841,0.47,1.1,1.88,2.6,3.17,3.75,4.79,6.39,9.42,14.8,24,43,64.9,73.5,79.4,85.1,85.7,92.5,99.7,109,117,121,124,128,132,136,136,136,134,131,127
Syria,0,,,,,0,,,,,0,,,,,0,0,0,0,0,0,0,0,0,0,0,0,0,0,0,0,0,0,0,0,0,0,0,0,0.025,0.183,1.19,2.34,6.8,13.2,16.1,24.5,31.4,34.1,47.3,54.8,61.3,63.5,62.8,75,79.5,76.4,90,101
Tajikistan,0,,,,,0,,,,,0,,,,,0,0,0,0,0,0,0,0,0,0,0,0,0,0,0,0,0,0,0,0,0,0.00174,0.00539,0.00697,0.0102,0.0187,0.0258,0.205,0.728,2.03,3.9,31.1,30.2,51,66.5,78.9,82.2,82.9,93.5,96.9,100,109,112,
Tanzania,0,,,,,0,,,,,0,,,,,0,0,0,0,0,0,0,0,0,0,0,0,0,0,0,0,0,0,0,0.00129,0.0118,0.0297,0.0648,0.119,0.156,0.33,0.801,1.72,3.57,5.2,7.71,14.2,20.3,31.1,40.6,47.3,56.2,57.8,56.6,63.8,77,75.5,73.1,77.2
Thailand,0,,,,,0,,,,,0,,,,,0,0,0,0,0,0,0,0,0,0,0,0.00155,0.0109,0.032,0.0716,0.112,0.216,0.433,0.709,1.25,2.18,3.07,3.62,3.21,3.76,4.85,11.9,27.2,33.5,41.5,46.6,61,80,92.9,98.6,107,115,125,138,142,150,174,176,180
Timor-Leste,,,,,,,,,,,,,,,,,,,,,,,,,,,,,,,0,,,,,,,,,,,,,2.12,2.65,3.32,4.83,7.55,11.8,32.7,43.3,55.2,54.8,56.4,117,115,122,125,116
Togo,0,,,,,0,,,,,0,,,,,0,0,0,0,0,0,0,0,0,0,0,0,0,0,0,0,0,0,0,0,0,0,0.0668,0.162,0.356,1.02,1.88,3.18,4.57,6.08,7.73,12.3,20.1,25.5,35,40.5,40.9,48.9,61.3,63.3,66.3,73.3,78.8,77.9
Tonga,0,,,,,0,,,,,0,,,,,0,0,0,0,0,0,0,0,0,0,0,0,0,0,0,0,0,0,0,0,0.313,0.314,0.124,0.134,0.144,0.184,0.24,3.39,11.2,16.4,29.6,29.5,45.4,48.8,51,52.2,53.1,54.5,56.5,67.3,72.9,79.1,106,105
Trinidad and Tobago,0,,,,,0,,,,,0,,,,,0,0,0,0,0,0,0,0,0,0,0,0,0,0,0,0,0.0347,0.103,0.135,0.208,0.507,0.758,1.36,2.09,3.06,12.8,20.1,20.6,26.2,50.5,71.3,117,115,137,140,143,137,140,144,145,155,157,147,142
Tunisia,0,,,,,0,,,,,0,,,,,0,0,0,0,0,0,0,0,0,0,,,0.00291,0.00509,0.00789,0.0116,0.0147,0.0229,0.0258,0.0302,0.0349,0.0701,0.0815,0.41,0.575,1.23,3.97,5.82,19.3,37.3,56.2,71.9,76.1,82.6,93.1,105,115,118,116,129,131,126,125,128
Turkey,0,,,,,0,,,,,0,,,,,0,0,0,0,0,0,0,0,0,0,0,0.00073,0.00998,0.0189,0.0295,0.059,0.0872,0.11,0.149,0.304,0.747,1.36,2.67,5.72,13,25.5,30.5,35.8,42.2,51.8,64.2,76.6,89.1,93.5,88,85.4,88.9,90.7,91.7,93.1,93.8,94,95.9,97.3
Turkmenistan,0,,,,,0,,,,,0,,,,,0,0,0,0,0,0,0,0,0,0,0,0,0,0,0,0,0,0,0,0,0,0,0.0574,0.068,0.0896,0.166,0.179,0.177,0.197,1.07,2.21,4.51,7.84,23,42.6,62.9,102,112,114,132,141,151,163,
Tuvalu,0,,,,,0,,,,,0,,,,,0,0,0,0,0,0,0,0,0,0,0,0,0,0,0,0,0,0,0,0,0,0,0,0,0,0,0,0,0,5.07,13,15.8,17.6,,9.59,15.2,20,26.1,31.3,34.6,59.5,67.7,70.4,
Uganda,0,,,,,0,,,,,0,,,,,0,0,0,0,0,0,0,0,0,0,0,0,0,0,0,0,0,0,0,0,0.00856,0.019,0.0231,0.135,0.246,0.537,1.16,1.56,2.99,4.34,4.75,7.03,14.2,28.1,29.9,39.6,49.9,47.3,50.6,55.2,52.9,57.6,60.6,57.3
Ukraine,0,,,,,0,,,,,0,,,,,0,0,0,0,0,0,0,0,0,0,0,0,0,0,0,0,0,0,0.00013,0.00978,0.0275,0.0593,0.114,0.232,0.439,1.68,4.6,7.7,13.7,29.1,64,105,119,121,119,118,122,131,138,144,142,133,131,128
United Arab Emirates,,,,,,,,,,,,,,,,,,,,,,,0.2,0.29,0.381,0.58,0.774,0.894,0.85,1.45,1.84,2.22,2.38,3.25,3.99,5.34,7.63,11.6,17.5,28.1,45.6,57.8,69.8,80.1,90.5,98.8,104,125,132,135,128,131,151,175,183,194,213,209,209
United Kingdom,0,,,,,0,,,,,0,,,,,0,0,0,0,0,0,0,0,0,0,0.0886,0.23,0.512,0.986,1.71,1.95,2.2,2.62,3.94,6.82,9.9,12.5,15.2,25.4,46.3,73.7,78.3,83,91.1,99.7,109,115,120,121,122,121,121,121,121,120,120,119,119,118
United States,0,,,,,0,,,,,0,,,,,0,0,0,0,0,0,,,,0.0384,0.141,0.281,0.502,0.837,1.41,2.1,2.97,4.29,6.17,9.2,12.7,16.4,20.4,25.2,30.9,38.9,45.1,49.4,55.4,63.2,69.1,77.1,82.9,86.1,89.5,92.3,95.4,97.1,98.2,112,119,123,123,129
Uruguay,0,,,,,0,,,,,0,,,,,0,0,0,0,0,0,0,0,0,0,0,0,0,0,0,0,0,0.0543,0.156,0.213,1.24,2.42,3.03,4.6,9.65,12.4,15.6,15.4,15,18.1,34.8,70.1,90.2,105,123,132,141,148,155,162,151,149,148,150
Uzbekistan,0,,,,,0,,,,,0,,,,,0,0,0,0,0,0,0,0,0,0,0,0,0,0,0,0,0,0,0.00229,0.00404,0.0164,0.041,0.0729,0.112,0.165,0.214,0.51,0.735,1.25,2.09,2.72,9.44,20.9,44.8,58.5,73.5,87.8,68.8,71.8,71.1,70.4,74,75.9,71.5
Vanuatu,0,,,,,0,,,,,0,,,,,0,0,0,0,0,0,0,0,0,0,0,0,0,0,0,0,0,0,0,0.039,0.072,0.0897,0.118,0.124,0.166,0.197,0.185,2.53,3.92,5.15,6.06,7,11.8,16,57.2,71.9,56.4,58.6,49.6,59.1,64.5,78.5,79.9,85.9
Venezuela,0,,,,,0,,,,,0,,,,,0,0,0,0,0,0,0,0,0,0,0,0,0,0.00963,0.0192,0.0378,0.0826,0.382,0.869,1.49,1.84,2.6,4.69,8.63,15.9,22.5,26.3,26.1,27.5,32.4,47.3,70,87.4,99.2,100,98,99.6,104,104,102,96.7,92.5,83.3,71.8
Vietnam,0,,,,,0,,,,,0,,,,,0,0,0,0,0,0,0,0,0,0,0,0,0,0,0,0,0,0.00113,0.00562,0.017,0.0314,0.0906,0.208,0.285,0.416,0.987,1.55,2.33,3.33,5.97,11.4,22.3,52.7,86.8,113,127,143,147,136,148,130,129,127,147
Yemen,0,,,,,0,,,,,0,,,,,0,0,0,0,0,0,0,0,0,0,0,0,0,0,0,0,0,0.012,0.0379,0.0573,0.0553,0.057,0.0766,0.0982,0.164,0.184,0.825,2.64,3.56,7.55,11.3,14.4,20.4,29.4,36.9,47.9,49,56.8,67,66.2,56.7,60.5,55.2,53.7
Zambia,0,,,,,0,,,,,0,,,,,0,0,0,0,0,0,0,0,0,0,0,0,0,0,0,0,0,0,0,0,0.017,0.0291,0.0474,0.0837,0.278,0.949,1.13,1.27,2.14,4.02,8.01,13.7,21.1,27.5,33.3,40,58.2,72.8,69.6,65.7,72.8,73.4,79.7,89.2
Zimbabwe,0,,,,,0,,,,,0,,,,,0,0,0,0,0,0,0,0,0,0,0,0,0,0,0,0,0,0,0,0,0,0,0.0492,0.162,1.47,2.24,2.63,2.83,3.03,3.54,5.36,6.99,10,13.4,31.9,60.6,71.3,96.2,102,86.8,92.3,91.8,99,89.4
